<?xml version="1.0"?>
<DARoots Version="1" Minor="6">
	<FileSet Name="sources_1" Type="DesignSrcs" RelSrcDir="$PSRCDIR/sources_1">
		<Filter Type="Srcs"/>
		<Root Path="D:/Itachi/Box/uart/uart/uart/serie_paralelo.vhd">
		</Root>
		<Root Path="D:/Itachi/Box/uart/uart/uart/RX.vhd">
		</Root>
		<Root Path="D:/Itachi/Box/uart/uart/uart/Mux.vhd">
		</Root>
		<Root Path="D:/Itachi/Box/uart/uart/uart/maquina_estados.vhd">
		</Root>
		<Root Path="D:/Itachi/Box/uart/uart/uart/Div_fre.vhd">
		</Root>
		<Root Path="D:/Itachi/Box/uart/uart/uart/CuentaBits.vhd">
		</Root>
		<Root Path="D:/Itachi/Box/uart/uart/uart/Carga.vhd">
		</Root>
		<Root Path="D:/Itachi/Box/uart/uart/uart/TX_module.vhd">
		</Root>
		<Root Path="D:/Itachi/Box/uart/uart/uart/RX_module.vhd">
		</Root>
		<Root Path="D:/Itachi/Box/uart/uart/uart/UART.vhd">
		</Root>
		<Config>
			<Option Name="DesignMode" Val="RTL"/>
			<Option Name="TopModule" Val="UART"/>
		</Config>
	</FileSet>
</DARoots>

